K&A,DD,AoW,AoM,DV,WT,Cluster
0.003575840322475779,0.0,0.0052514643506362535,0.0003184037359371672,0.0004725491880745586,0.0,0
0.06956634809180157,0.0233755942947702,0.057227496128728204,0.0004245383145828896,0.05361285333791562,0.0,0
0.011117612638970167,0.02773375594294769,0.11869655961758567,0.01708766716196137,0.03608557436205859,0.0,0
0.00039009167154281654,0.0007923930269413404,0.001144549922574567,0.0007429420505200637,0.0004725491880745586,0.0,0
0.055718093752031725,0.026545166402535653,0.050898808321551206,0.011780938229675231,0.15753071569722485,0.0,0
0.019309537741369225,0.11291600633914421,0.032182050764155395,0.042559966036934835,0.06499699286880316,0.0,0
0.006826604251999213,0.003961965134706799,0.020871204470477356,0.0014858841010401205,0.01361800841996734,0.0,0
0.032767700409596257,0.005150554675118851,0.04187706187302229,0.030566758649968162,0.0021479508548844367,0.0,0
0.01813926272674079,0.08597464342313788,0.019995960412037994,0.0005306728932286189,0.020792164275281383,0.0036429872495446283,0
0.017619140498017043,0.08716323296354991,0.11209856594627347,0.008596900870303549,0.07539307500644385,0.0,0
0.006306482023275481,0.010697305863708387,0.13074799703763548,0.008596900870303549,0.11001804278718103,0.0,0
0.004030947272609067,0.0,0.0014138557867097723,0.0,0.0002147950854884395,0.0,1
0.0007151680644951613,0.0,0.0016831616508449498,0.0,0.00017183606839074606,0.0,1
6.501527859047174e-05,0.0,0.0035009762337575023,0.0,0.0006873442735630259,0.005464480874316939,1
0.00039009167154281654,0.0,0.00040395879620279407,0.0,0.0,0.0,1
0.028216630908263443,0.11648177496038034,0.1114253012859355,0.04860963701974103,0.05438611564567402,0.0,1
0.021064950263311878,0.06299524564183834,0.02504544536457283,0.004988325196348974,0.04845777128619297,0.0,1
0.14075807814836486,0.1489698890649762,0.1937655692452703,0.005943536404160479,0.23764928258441448,0.0018214936247723107,1
0.00013003055718094347,0.0,0.0,0.0014858841010401205,0.0,0.0,1
0.0022755347506664136,0.00633914421553089,0.0039049350299602964,0.0,0.009751696881175359,0.0,1
0.008191925102399078,0.022187004754358156,0.006934626001481203,0.008915304606240716,0.012930664146404328,0.0,1
0.04518561862037579,0.10499207606973059,0.06422944859624319,0.005094459774994696,0.16577884697998108,0.005464480874316939,1
0.00013003055718094347,0.0,0.0012792028546421835,0.0001061345786457224,0.00038663115387918556,0.0,0
0.003250763929523434,0.0011885895404120383,0.0016158351848111624,0.001592018679685843,0.0015465246155167978,0.0,0
0.00013003055718094347,0.0,0.0004712852622365954,0.0,0.00017183606839074606,0.0,0
0.0001950458357714152,0.0,0.0,0.0,0.00017183606839074606,0.0,0
0.0,0.0,0.0,0.0,0.0,0.0,1
0.0001950458357714152,0.0003961965134706841,0.0023564263111829353,0.0028656336234345187,0.00012887705129306648,0.0,1
0.002470580586437829,0.0,0.004578199690298268,0.0002122691572914448,0.0005584672222699594,0.0,0
0.08295949548143813,0.02773375594294769,0.06624924257725712,0.0007429420505200637,0.07277257496348483,0.0,0
0.01001235290293219,0.03367670364500792,0.09984514912812227,0.015601783060921248,0.028052238164790785,0.0,0
0.0003250763929523587,0.0007923930269413404,0.0012118763886083683,0.0006368074718743413,0.000343672136781506,0.0,0
0.05246732982250829,0.024564183835182246,0.05049484952534842,0.011037996179155171,0.14266689578142452,0.0,0
0.0075417723164943745,0.0023771790808240767,0.02194842792701812,0.0012736149437486757,0.010052410000859172,0.0,0
0.038749106039919386,0.007131537242472258,0.05285127583653134,0.03905752494162598,0.0023197869232751966,0.0,0
0.011572719589103442,0.1089540412044374,0.027671177539890943,0.0003184037359371672,0.025259902053441016,0.06557377049180327,0
0.019504583577140633,0.09231378763866878,0.11095401602369892,0.010613457864572282,0.07844316522037975,0.0,0
0.005916390351732664,0.006735340729001574,0.1429340873897529,0.010825727021863726,0.12183177248904545,0.0,0
0.0053312528444184465,0.0,0.0039049350299602964,0.0,0.000429590170976879,0.0,1
0.0006501527859047035,0.0,0.001548508718777361,0.0,0.0,0.0,1
0.00013003055718094347,0.0,0.004914832020467247,0.0,0.00012887705129306648,0.0,1
0.00026006111436188695,0.0,6.732646603380132e-05,0.0,0.0,0.0,1
0.028086600351082507,0.098256735340729,0.1080589779842456,0.01995330078539588,0.05013317295300283,0.0,1
0.02301540862102594,0.06576862123613311,0.022958324917525086,0.015389513903629803,0.040553312140218234,0.0,1
0.13126584747415643,0.1580824088748019,0.18380125227226823,0.004669921460411806,0.244479766302947,0.0,1
0.00013003055718094347,0.0,0.001144549922574567,0.0,0.00012887705129306648,0.0,1
0.0031207333723425046,0.00633914421553089,0.00861778765232614,0.0,0.010138328035054545,0.0,1
0.010077368181522661,0.02614896988906497,0.009762337574900706,0.010295054128635111,0.01357504940286966,0.0018214936247723107,1
0.04512060334178532,0.10816164817749603,0.06490271325658117,0.0036085756739545755,0.17480024057049576,0.0018214936247723107,1
6.501527859047174e-05,0.0,0.001144549922574567,0.0003184037359371672,0.00017183606839074606,0.0,0
0.003055718093752033,0.0003961965134706841,0.0024237527772167367,0.002971768202080241,0.0024057049574705697,0.0,0
0.0003250763929523587,0.0,0.00020197939810140397,0.0,0.00012887705129306648,0.0,0
0.00013003055718094347,0.0,0.0,0.0,0.00012887705129306648,0.0,0
0.0,0.0,6.732646603380132e-05,0.0,0.0,0.0,1
0.00039009167154281654,0.0019809825673533926,0.003972261495994084,0.0027594990447887963,0.00038663115387918556,0.0,1
0.003315779208113906,0.0,0.002895038039453318,0.0,0.0006014262393676251,0.0,0
0.08783564137572329,0.023771790808240885,0.059112637177674544,0.0006368074718743413,0.07766990291262135,0.0,0
0.009687276509979859,0.031299524564183834,0.09971049619605467,0.011144130757800894,0.025818369275710962,0.0,0
0.0008451986216761048,0.0007923930269413404,0.0012792028546421835,0.0007429420505200637,0.001031016410344518,0.0,0
0.05584812430921267,0.021394611727416787,0.04860970847640208,0.009764381235406499,0.15826101898788555,0.0,0
0.006241466744685009,0.0023771790808240767,0.01683161650844947,0.0019104224156230101,0.009493942778589226,0.0,0
0.03998439633313829,0.003961965134706799,0.058910657779573154,0.03990660157079176,0.003050090213935902,0.0,0
0.017034002990702825,0.10380348652931853,0.028546421598330318,0.0002122691572914448,0.02401409055760803,0.0,0
0.015863727976074382,0.0768621236133122,0.10671244866356965,0.008915304606240716,0.07320216513446172,0.0,0
0.006631558416227826,0.013074484944532477,0.1310846293678045,0.007217151347909151,0.1258699200962282,0.0,0
0.04069956439763345,0.14580031695721077,0.17915572611593616,0.07238378263638293,0.23421256121659936,0.0,1
0.004616084779923299,0.0,0.0029623645054871195,0.0,0.00017183606839074606,0.0,1
0.0006501527859047035,0.0,0.0008752440584393895,0.0001061345786457224,0.00017183606839074606,0.0,1
0.00013003055718094347,0.0,0.005924729010974225,0.0,0.00012887705129306648,0.0,1
0.0001950458357714152,0.0,0.0002693058641352053,0.0002122691572914448,0.0,0.0018214936247723107,1
0.024250698914244855,0.11053882725832012,0.11236787181040866,0.01995330078539588,0.055374173038920865,0.0,1
0.019179507184188288,0.04358161648177495,0.02329495724769408,0.021120781150498834,0.042400549875418844,0.0,1
0.11377673753332032,0.1541204437400951,0.18279135528176127,0.003502441095308853,0.24628404502104992,0.0018214936247723107,1
0.0,0.0,0.0016831616508449498,0.0,4.2959017097679575e-05,0.0,1
0.001885443079123597,0.007923930269413612,0.008550461186292338,0.0,0.010610877223129131,0.0,1
0.008712047331122824,0.03684627575277337,0.009156399380596522,0.010401188707280833,0.01361800841996734,0.0,1
0.052077238150965474,0.1303486529318542,0.07984918871608429,0.007535555083846322,0.21256121659936422,0.0018214936247723107,1
0.00013003055718094347,0.0,0.0006059381943041842,0.0002122691572914448,0.00030071311968381254,0.0,0
0.0018204278005331254,0.0003961965134706841,0.0007405911263717729,0.0004245383145828896,0.003995188590085047,0.0,0
0.00026006111436188695,0.0,0.0002693058641352053,0.0,8.591803419537303e-05,0.0,0
6.501527859047174e-05,0.0003961965134706841,0.00020197939810140397,0.0,0.0,0.0,0
0.0,0.0,6.732646603380132e-05,0.0,4.2959017097679575e-05,0.0,1
0.0008451986216761048,0.0003961965134706841,0.00377028209789268,0.0028656336234345187,0.00017183606839074606,0.0,1
0.00266562642220923,0.0,0.0041069144280616865,0.0,0.00017183606839074606,0.0,0
0.10090371237240751,0.02931854199683042,0.05944926950784353,0.0011674803651029533,0.08355528825500472,0.0,0
0.011312658474741569,0.028129952456418375,0.11182926008213828,0.013903629802589686,0.03183263166938739,0.0,0
0.0006501527859047035,0.0007923930269413404,0.001548508718777361,0.001592018679685843,0.0007303032906607054,0.0,0
0.05883882712437423,0.02297939778129951,0.050966134787585,0.017406070897898536,0.1699029126213592,0.0,0
0.0064365125804564105,0.003169572107765445,0.019120716353598605,0.0016981532583315653,0.01082567230861757,0.0,0
0.041089656069176264,0.003565768621236129,0.06665320137345991,0.028019528762470814,0.0035226394020104884,0.0,0
0.011572719589103442,0.1089540412044374,0.027671177539890943,0.0003184037359371672,0.025259902053441016,0.06557377049180327,0
0.01859436967687407,0.1026148969889065,0.09661347875849996,0.006049670982806201,0.06821891915112982,0.0,0
0.00923216955984657,0.012282091917591123,0.15215781323638322,0.014115898959881131,0.13841395308875332,0.0,0
0.004616084779923299,0.0,0.0020197939810139565,0.0,8.591803419537303e-05,0.0,1
0.0011702750146284358,0.0007923930269413404,0.002289099845149134,0.0,0.0002147950854884395,0.0,1
0.0,0.0,0.004443546758230679,0.0,0.0,0.0,1
0.00026006111436188695,0.0,0.00020197939810140397,0.0001061345786457224,0.0,0.0,1
0.02750146284376829,0.1263866877971474,0.12192822998720797,0.018042878369772874,0.05120714838044505,0.0,1
0.020219751641635787,0.044770206022187,0.017572207634821244,0.004033113988537465,0.03441017269524872,0.0,1
0.12229373902867173,0.15015847860538828,0.19019726654547903,0.004351517724474636,0.2913050949394278,0.0018214936247723107,1
0.00026006111436188695,0.0,0.002693058641351928,0.0,4.2959017097679575e-05,0.0,1
0.003510825043885321,0.007923930269413612,0.009021746448528933,0.0,0.012973623163502007,0.0,1
0.008256940380989536,0.03248811410459587,0.009627684642833104,0.011674803651029509,0.01739840192456396,0.0,1
0.0661855536050972,0.15689381933438984,0.10543324580892749,0.006792613033326261,0.27210241429676085,0.02185792349726776,1
0.0001950458357714152,0.0,0.00040395879620279407,0.0003184037359371672,0.0002147950854884395,0.0,0
0.0027956569793901737,0.0023771790808240767,0.001346529320675957,0.0019104224156230101,0.003136008248131275,0.0,0
0.0004551069501332883,0.0,0.0003366323301690066,0.0,0.00012887705129306648,0.0,0
0.0,0.0,6.732646603380132e-05,0.0,0.00017183606839074606,0.0,0
0.0,0.0,0.0,0.0,4.2959017097679575e-05,0.0,1
0.00052012222872376,0.0023771790808240767,0.0033663233016899136,0.003184037359371686,8.591803419537303e-05,0.0,1
0.0025355958650282867,0.0,0.004510873224264453,0.0,0.00038663115387918556,0.0,0
0.09466224562772252,0.03922345483359745,0.0605264929643843,0.0020165569942687325,0.0947675917175015,0.005464480874316939,0
0.011962811260646258,0.039619651347068144,0.09762337574900694,0.014009764381235409,0.03144600051550819,0.0,0
0.0007801833430856331,0.0007923930269413404,0.0020197939810139565,0.0008490766291657861,0.0004725491880745586,0.0,0
0.059553995188869384,0.01901743264659271,0.05399582575910591,0.011037996179155171,0.1757023799295472,0.0,0
0.022365255835121257,0.08399366085578447,0.0255840570928432,0.0633623434514965,0.08913996047770427,0.0,0
0.006631558416227826,0.0007923930269413404,0.019255369285666193,0.0030779027807259635,0.009794655898273039,0.0,0
0.042780053312528446,0.0019809825673533926,0.05588096680805225,0.03937592867756315,0.0032648852994243416,0.0,0
0.018399323841102662,0.10182250396196513,0.01972665454790279,0.0038208448312460203,0.02534582008763639,0.00728597449908925,0
0.02028476692022626,0.10340729001584786,0.10671244866356965,0.007535555083846322,0.08089182919494801,0.0,0
0.00838697093817048,0.00832012678288431,0.15747660405305325,0.018573551263001486,0.14103445313171234,0.0,0
0.0044860542227423555,0.0,0.0016831616508449498,0.0,0.0008591803419537719,0.0,1
0.0012352902932189075,0.0003961965134706841,0.0029623645054871195,0.0,0.00012887705129306648,0.0,1
0.0,0.0015847860538827224,0.0032989968356561122,0.0004245383145828896,0.0,0.0,1
0.0005851375073142318,0.0,0.0004712852622365954,0.0,0.0,0.0,1
0.03556335738898641,0.13232963549920762,0.15067663098363965,0.01952876247081299,0.07178451757023799,0.0,1
0.021390026656264223,0.03922345483359745,0.020736551538409767,0.004563786881766084,0.03131712346421513,0.0,1
0.1007086665366361,0.143026941362916,0.1685181444825961,0.002971768202080241,0.25762522553483974,0.0,1
0.00013003055718094347,0.0,0.0025584057092843393,0.0,0.00017183606839074606,0.0,1
0.05090696313633704,0.08518225039619651,0.11876388608361947,0.07057949479940565,0.07088237821118652,0.0,1
0.0027956569793901737,0.013470681458003161,0.010839561031441472,0.0001061345786457224,0.018859008505885372,0.0,1
0.008126909823808606,0.024960380348652923,0.006732646603379799,0.009445977499469332,0.011684852650571342,0.0,1
6.501527859047174e-05,0.0,0.0007405911263717729,0.0001061345786457224,0.0002147950854884395,0.0,0
0.0029256875365711033,0.0011885895404120383,0.002087120447047744,0.0009552112078115085,0.003221926282326648,0.0,0
0.0005851375073142318,0.0,0.0003366323301690066,0.0,0.0002147950854884395,0.0,0
0.00013003055718094347,0.0003961965134706841,6.732646603380132e-05,0.0,0.00012887705129306648,0.0,0
0.0,0.0,0.0,0.0,0.0,0.0,1
0.0001950458357714152,0.0015847860538827224,0.004039587962027885,0.0027594990447887963,0.0002577541025861191,0.0,1
0.003315779208113906,0.0003961965134706841,0.004241567360129275,0.0002122691572914448,0.0006014262393676251,0.0,0
0.10038359014368375,0.04160063391442155,0.08685114118359927,0.001061345786457231,0.10945957556491107,0.0,0
0.011572719589103442,0.04080824088748019,0.10758769272200902,0.015177244746338359,0.030801615259042875,0.0018214936247723107,0
0.0006501527859047035,0.0,0.0012118763886083683,0.0007429420505200637,0.0006014262393676251,0.0,0
0.06143943826799298,0.019809825673534065,0.04955227900087525,0.014646571853109747,0.21380702809519717,0.0,0
0.028021585072492035,0.10103011093502377,0.03272066249242578,0.05211207811504988,0.09682962453819056,0.0,0
0.0070866653663611,0.0011885895404120383,0.01851477815929442,0.0032901719380174083,0.011126385428301397,0.0,0
0.047006046420908915,0.003961965134706799,0.06463340739244597,0.036828698790065804,0.005799467308187992,0.0,0
0.026656264222092198,0.11133122028526149,0.027873156937992333,0.004669921460411806,0.028696623421256118,0.009107468123861567,0
0.021325011377673758,0.09667194928684628,0.11331044233488184,0.004033113988537465,0.09145974740097945,0.0,0
0.013133086275274701,0.009904912836767032,0.17121120312394802,0.02356187645935046,0.1592920353982301,0.0,0
0.005136207008647031,0.0,0.002827711573419517,0.0,0.000429590170976879,0.0,1
0.001625381964761724,0.0023771790808240767,0.003837608563926495,0.0,0.0005584672222699594,0.0,1
6.501527859047174e-05,0.0,0.003433649767723701,0.0,4.2959017097679575e-05,0.0,1
0.0001950458357714152,0.0,0.00020197939810140397,0.0002122691572914448,0.00012887705129306648,0.0,1
0.03751381574670047,0.18106180665610142,0.1625934154716219,0.02621524092549353,0.029813557865796023,0.02185792349726776,1
0.027176386450815944,0.05150554675118858,0.021140510334612533,0.006368074718743368,0.03441017269524872,0.0036429872495446283,1
0.10096872765099799,0.1561014263074485,0.17383693529926614,0.0032901719380174083,0.3023455623335338,0.005464480874316939,1
0.0004551069501332883,0.0,0.0009425705244731769,0.0,0.0002577541025861191,0.0,1
0.004030947272609067,0.013866877971473845,0.01393657846899618,0.0,0.020233697053011424,0.0,1
0.011897795982055787,0.03169572107765451,0.01030094930317109,0.011993207386966676,0.015379328120972577,0.0,1
0.07795331902997205,0.17630744849445323,0.12367871810408672,0.006686478454680539,0.3184981527622648,0.0018214936247723107,1
0.0003250763929523587,0.0,0.0009425705244731769,0.0004245383145828896,0.00030071311968381254,0.0,0
0.0037058708796567225,0.003961965134706799,0.001346529320675957,0.0013797495223943981,0.00438181974396426,0.0,0
0.0009102139002665766,0.0003961965134706841,0.0003366323301690066,0.0001061345786457224,0.0002147950854884395,0.0,0
6.501527859047174e-05,0.0,0.00013465293206761653,0.0,8.591803419537303e-05,0.0,0
0.0,0.0,0.0,0.0,4.2959017097679575e-05,0.0,1
0.0008451986216761048,0.0011885895404120383,0.00377028209789268,0.004139248567183191,0.0008162213248560785,0.0,1
0.0028606722579806315,0.0,0.004847505554433459,0.0001061345786457224,0.0008591803419537719,0.0,0
0.09563747480657954,0.039619651347068144,0.05312058170066653,0.001061345786457231,0.1288770512930664,0.0,0
0.01176776542487485,0.039619651347068144,0.10428869588635292,0.011780938229675231,0.035398230088495575,0.0,0
0.0004551069501332883,0.0007923930269413404,0.001346529320675957,0.0007429420505200637,0.0006014262393676251,0.0,0
0.07080163838502047,0.016640253565768606,0.055342355079781864,0.012736149437486737,0.25032219262823263,0.0,0
0.0360184643391197,0.10657686212361331,0.028075136336093737,0.043409042666100614,0.1036171492396254,0.0,0
0.009752291788570316,0.003169572107765445,0.02167912206288293,0.003502441095308853,0.014691983847409579,0.0,0
0.045965801963461415,0.003565768621236129,0.06638389550932472,0.03746550626194014,0.007560787009193229,0.0,0
0.03471815876731032,0.12004754358161648,0.023025651383558873,0.001592018679685843,0.03441017269524872,0.0,0
0.02535595865028282,0.09944532488114104,0.12307277990978253,0.002971768202080241,0.10769825586390583,0.0,0
0.011507704310512977,0.010697305863708387,0.17666464687268563,0.02780725960517937,0.17179310937365752,0.0,0
0.005396268123008904,0.0,0.004712852622365857,0.0,0.0006443852564653324,0.0,1
0.0014303361289903088,0.0007923930269413404,0.003029690971520907,0.0001061345786457224,0.0008162213248560785,0.0,1
0.0,0.0,0.004443546758230679,0.0,8.591803419537303e-05,0.0,1
0.00039009167154281654,0.0,0.0005386117282703828,0.0001061345786457224,0.0,0.0,1
0.04291008386970939,0.18264659270998418,0.18683094324378913,0.02557843345361919,0.03127416444711745,0.0,1
0.03543332683180548,0.05269413629160063,0.028748400996431694,0.005094459774994696,0.04171320560185582,0.0,1
0.11013588193225407,0.17393026941362916,0.16676765636571736,0.002971768202080241,0.35097516968811754,0.0,1
0.0005851375073142318,0.0,0.0008752440584393895,0.0,0.00030071311968381254,0.0,1
0.005266237565827975,0.01426307448494453,0.01642765771224669,0.0004245383145828896,0.023412664318240392,0.0,1
0.014758468240036411,0.02773375594294769,0.009829664040934494,0.006686478454680539,0.019890024916229904,0.0,1
0.0005851375073142318,0.0003961965134706841,0.0014138557867097723,0.0002122691572914448,0.0007732623077583989,0.0,0
0.002990702815161561,0.0003961965134706841,0.0021544469130815452,0.0011674803651029533,0.004811409914941139,0.0,0
0.00039009167154281654,0.0,0.0,0.0,0.00012887705129306648,0.0,0
6.501527859047174e-05,0.0003961965134706841,0.0,0.0,0.00012887705129306648,0.0,0
0.0,0.0,0.00013465293206761653,0.0,8.591803419537303e-05,0.0,1
0.0009102139002665766,0.0007923930269413404,0.005992055477008026,0.0033963065166631307,0.0007303032906607054,0.0,1
0.003055718093752033,0.0,0.004847505554433459,0.0001061345786457224,0.0005584672222699594,0.0,0
0.11631233339834861,0.04080824088748019,0.08563926479499091,0.0002122691572914448,0.14941146146576167,0.0,0
0.014043300175541257,0.04199683042789223,0.10913620144078637,0.013266822330715348,0.03853423833662685,0.0,0
0.0018204278005331254,0.0007923930269413404,0.0021544469130815452,0.0012736149437486757,0.000515508205172252,0.0,0
0.07275209674273454,0.010697305863708387,0.05574631387598466,0.012948418594778181,0.26179225019331553,0.0,0
0.04186983941226188,0.1196513470681458,0.02928701272470209,0.06421142008066227,0.10460520663287223,0.0,0
0.008907093166894225,0.0011885895404120383,0.019861307479970378,0.004351517724474636,0.014734942864507244,0.0,0
0.04265002275534751,0.00832012678288431,0.06295024574160102,0.03141583527913394,0.006959360769825576,0.0,0
0.026331187829139853,0.1026148969889065,0.13155591463004107,0.004669921460411806,0.11332588710370306,0.0018214936247723107,0
0.010792536246017823,0.012282091917591123,0.1848111492627752,0.027382721290596476,0.17776441275023624,0.0,0
0.005656329237370791,0.0003961965134706841,0.003837608563926495,0.0,0.001202852478735278,0.0,1
0.001625381964761724,0.0007923930269413404,0.003635629165825091,0.0004245383145828896,0.0013746885471260378,0.0,1
6.501527859047174e-05,0.0,0.0052514643506362535,0.0,0.0002147950854884395,0.0,1
0.0004551069501332883,0.0,0.0010098969905069782,0.0001061345786457224,0.00017183606839074606,0.0,1
0.0495416422859372,0.15887480190174325,0.1873022285060257,0.029929951178093824,0.06950768966406048,0.0,1
0.033417853195500946,0.05071315372424722,0.02612266882111358,0.005200594353640418,0.04227167282412578,0.0,1
0.1211234640140433,0.17393026941362916,0.16966269440517068,0.0020165569942687325,0.34852650571354926,0.0,1
0.00026006111436188695,0.0,0.0012792028546421835,0.0,0.0002147950854884395,0.0,1
0.007151680644951558,0.00633914421553089,0.02329495724769408,0.0004245383145828896,0.031574877566801274,0.0,1
0.014433391847084066,0.028922345483359736,0.008079175924055756,0.03247718106559117,0.014606065813214178,0.0,1
0.0008451986216761048,0.0007923930269413404,0.0016158351848111624,0.0003184037359371672,0.0011169344445399049,0.0,0
0.002730641700799702,0.0011885895404120383,0.0012792028546421835,0.0002122691572914448,0.002104991837786757,0.0,0
0.0007151680644951613,0.0,0.0002693058641352053,0.0,0.00017183606839074606,0.0,0
6.501527859047174e-05,0.0,0.00013465293206761653,0.0001061345786457224,0.0002147950854884395,0.0,0
6.501527859047174e-05,0.0,0.0,0.0,4.2959017097679575e-05,0.0,1
0.0005851375073142318,0.0007923930269413404,0.004376220292196864,0.0022288261515601773,0.000515508205172252,0.0,1
0.0018204278005331254,0.0,0.0039049350299602964,0.0006368074718743413,0.0005584672222699594,0.0,0
0.13601196281126066,0.06735340729001585,0.09035211741735677,0.001061345786457231,0.18893375719563535,0.0018214936247723107,0
0.014888498797217355,0.05071315372424722,0.10758769272200902,0.016132455954149864,0.038362402268236104,0.0,0
0.0014303361289903088,0.0011885895404120383,0.002491079243250524,0.001061345786457231,0.0009021393590514654,0.0,0
0.0755477537221247,0.009508716323296348,0.04894634080657107,0.012099341965612399,0.23653234813987456,0.0,0
0.04284506859111892,0.11133122028526149,0.030364236181242857,0.06421142008066227,0.1124237477446516,0.0,0
0.007931863988037191,0.0003961965134706841,0.02140981619874774,0.003926979409891743,0.012200360855743608,0.0,0
0.053637604837136726,0.004754358161648167,0.06544132498485156,0.03937592867756315,0.008419967351147,0.0,0
0.03361289903127235,0.11687797147385104,0.018582104625328222,0.008809170027594994,0.03050090213935905,0.010928961748633878,0
0.02652623366491126,0.1045958795562599,0.14717565474988217,0.006792613033326261,0.13682446945613885,0.0036429872495446283,0
0.011247643196151097,0.007923930269413612,0.17100922372584662,0.0419231585650605,0.17213678151043904,0.0,0
0.006306482023275481,0.0,0.002625732175318113,0.0002122691572914448,0.0010739754274422114,0.0,1
0.0016903972433521958,0.0,0.004847505554433459,0.0001061345786457224,0.001031016410344518,0.0018214936247723107,1
0.0,0.0,0.0041069144280616865,0.0001061345786457224,0.00017183606839074606,0.0,1
0.0006501527859047035,0.0,0.0007405911263717729,0.0,0.0,0.0,1
0.051947207593784545,0.15213946117274169,0.1815794788931529,0.022288261515601787,0.08793710799896898,0.0018214936247723107,1
0.03335283791691048,0.04992076069730586,0.02147714266478154,0.003502441095308853,0.04557951714064781,0.0,1
0.00039009167154281654,0.0,0.0006732646603379994,0.0,0.0002577541025861191,0.0,1
0.0736623106430011,0.0768621236133122,0.08361947081397697,0.05317342390150711,0.06272016496262565,0.0,1
0.005981405630323136,0.011489698890649755,0.02585336295697839,0.0005306728932286189,0.035011598934616375,0.0,1
0.016058773811845783,0.037242472266244046,0.008011849458021955,0.026427510082784975,0.015508205172265657,0.0,1
0.0009102139002665766,0.0003961965134706841,0.0020197939810139565,0.0007429420505200637,0.0009021393590514654,0.0,0
0.0023405500292568854,0.0007923930269413404,0.0017504881168787512,0.0002122691572914448,0.00219090987198213,0.0,0
0.0005851375073142318,0.0,0.00013465293206761653,0.0001061345786457224,0.00012887705129306648,0.0,0
0.0,0.0,0.0002693058641352053,0.0001061345786457224,0.00012887705129306648,0.0,0
0.0,0.0,0.0,0.0,0.0,0.0,1
0.0008451986216761048,0.0,0.0035683026997912898,0.0016981532583315653,0.000429590170976879,0.0,1
0.002990702815161561,0.0,0.00565542314683902,0.0001061345786457224,0.000515508205172252,0.0,0
0.17989727585982704,0.06933438985736926,0.09425705244731704,0.002122691572914455,0.23240828249849643,0.0,0
0.01813926272674079,0.04556259904912836,0.11485895105365919,0.019316493313521546,0.03698771372111005,0.0036429872495446283,0
0.0011702750146284358,0.0003961965134706841,0.0024237527772167367,0.0016981532583315653,0.0007303032906607054,0.0,0
0.0838697093817047,0.007527733755942942,0.044974079310576995,0.011674803651029509,0.2405704957470573,0.0,0
0.0464209089135947,0.11251980982567353,0.03204739783208781,0.061558055614519214,0.11684852650571355,0.0,0
0.01053247513165595,0.0007923930269413404,0.02356426311182927,0.008278497134366378,0.011813729701864423,0.0,0
0.05461283401599376,0.003565768621236129,0.06988487174308221,0.02780725960517937,0.009064352607612333,0.0,0
0.04525063389896626,0.10935023771790808,0.016494984178280492,0.0016981532583315653,0.02792336111349772,0.014571948998178506,0
0.038098953254014696,0.098256735340729,0.1712785295899818,0.008809170027594994,0.14782197783314716,0.0,0
0.011962811260646258,0.00871632329635498,0.19767050427523059,0.05699426873275313,0.2060744050176132,0.0,0
0.006956634809180157,0.0,0.002087120447047744,0.0,0.0007732623077583989,0.0,1
0.002405565307847357,0.0,0.003231670369622297,0.0,0.001031016410344518,0.0,1
0.0,0.0,0.005049484952534863,0.0,0.00012887705129306648,0.0,1
0.00039009167154281654,0.0,0.0008752440584393895,0.0003184037359371672,4.2959017097679575e-05,0.0,1
0.05929393407450751,0.15372424722662442,0.19558338382818286,0.024623222245807687,0.08879628834092275,0.009107468123861567,1
0.037448800468110006,0.04793977812995245,0.02349693664579547,0.004033113988537465,0.04996133688461208,0.0,1
0.00039009167154281654,0.0003961965134706841,0.0007405911263717729,0.0,0.00012887705129306648,0.0,1
0.09518236785644626,0.06537242472266244,0.09459368477748603,0.06771386117597113,0.06744565684337142,0.0,1
0.005916390351732664,0.009904912836767032,0.02531475122870802,0.0009552112078115085,0.04025259902053441,0.0,1
0.01618880436902672,0.029714738510301097,0.00841580825422475,0.01751220547654426,0.014348311710628059,0.0,1
0.00052012222872376,0.0,0.002087120447047744,0.001061345786457231,0.00038663115387918556,0.0,0
0.0018204278005331254,0.0019809825673533926,0.0019524675149801551,0.0004245383145828896,0.0017613197010052373,0.0,0
0.0006501527859047035,0.0,0.0007405911263717729,0.0002122691572914448,0.00012887705129306648,0.0,0
0.00013003055718094347,0.0,0.00013465293206761653,0.0,0.00012887705129306648,0.0,0
0.0,0.0,0.0,0.0,0.0,0.0,1
0.0009102139002665766,0.0003961965134706841,0.0030970174375547083,0.0023349607302058997,0.00030071311968381254,0.0,1
0.0039009167154281377,0.0,0.0,0.0,0.0007732623077583989,0.0,0
0.0237305766855211,0.041204437400950866,0.0,0.018467416684355763,0.035827820259472454,0.0273224043715847,0
0.001105259736037964,0.0003961965134706841,0.0,0.0012736149437486757,0.0007732623077583989,0.032786885245901634,0
0.01241791821077954,0.0015847860538827224,0.0,0.0065803438760348165,0.010267205086347625,0.0036429872495446283,0
0.06651062999804955,0.004358161648177483,0.0,0.03714710252600297,0.012286278889938995,0.0018214936247723107,0
0.04291008386970939,0.11172741679873217,0.0,0.0007429420505200637,0.02830999226737692,0.0273224043715847,0
0.0075417723164943745,0.0003961965134706841,0.0,0.0,0.0016754016668098504,0.0,1
0.002405565307847357,0.0003961965134706841,0.0,0.0001061345786457224,0.0009021393590514654,0.0036429872495446283,1
0.0,0.0,0.0,0.0001061345786457224,0.00038663115387918556,0.014571948998178506,1
0.0001950458357714152,0.0,0.0,0.0,4.2959017097679575e-05,0.0036429872495446283,1
0.06553540081919251,0.1842313787638669,0.0,0.024941625981744854,0.09966491966663803,0.0418943533697632,1
0.0006501527859047035,0.0,0.0,0.0,0.00017183606839074606,0.0018214936247723107,1
0.0,0.0,0.0,0.0,0.0,0.0,1
0.0075417723164943745,0.011885895404120439,0.0,0.0009552112078115085,0.030157230002577542,0.0036429872495446283,1
0.018399323841102662,0.032884310618066556,0.0,0.007641689662492044,0.013188418248990447,0.005464480874316939,1
0.0007801833430856331,0.0,0.0,0.0003184037359371672,0.0002147950854884395,0.005464480874316939,0
0.002990702815161561,0.0007923930269413404,0.0,0.0012736149437486757,0.0019761147864936907,0.0018214936247723107,0
0.00052012222872376,0.0,0.0,0.0,0.00012887705129306648,0.0018214936247723107,0
0.00013003055718094347,0.0,0.0,0.0,8.591803419537303e-05,0.010928961748633878,0
0.13555685586112737,0.056259904912836764,0.0,0.01719380174060709,0.06766045192885986,0.06010928961748633,0
0.0,0.0,0.0,0.0,0.0,0.0,1
0.0005851375073142318,0.0003961965134706841,0.0,0.0016981532583315653,0.000429590170976879,0.005464480874316939,1
0.003770886158247194,0.0003961965134706841,0.004510873224264453,0.0002122691572914448,0.0011169344445399049,0.0018214936247723107,0
0.022755347506664074,0.032091917591125195,0.10778967212011041,0.01719380174060709,0.04209983675573502,0.009107468123861567,0
0.00988232234575126,0.0007923930269413404,0.01683161650844947,0.007217151347909151,0.010782713291519877,0.010928961748633878,0
0.06768090501267798,0.003169572107765445,0.0890055880966808,0.036828698790065804,0.012930664146404328,0.005464480874316939,0
0.05110200897210845,0.1196513470681458,0.019120716353598605,0.001061345786457231,0.05417132056018558,0.02185792349726776,0
0.008647032052532352,0.0,0.0032989968356561122,0.0001061345786457224,0.0018472377352006103,0.0273224043715847,1
0.0015603666861712523,0.0003961965134706841,0.002895038039453318,0.0,0.0006873442735630259,0.012750455373406189,1
0.0001950458357714152,0.0,0.005722749612872835,0.0,0.000343672136781506,0.0,1
0.0006501527859047035,0.0,0.0010772234565407796,0.0,0.0,0.00728597449908925,1
0.08868083999739938,0.20800316957210777,0.2818959132835117,0.03226491190829973,0.11332588710370306,0.04371584699453551,1
0.0006501527859047035,0.0003961965134706841,0.0012792028546421835,0.0,0.00017183606839074606,0.0,1
0.0,0.0,0.0,0.0,0.0,0.0,1
0.007411741759313445,0.0146592709984152,0.021140510334612533,0.0007429420505200637,0.036858836669816986,0.0,1
0.01664391131916001,0.028129952456418375,0.009358378778697912,0.007747824241137766,0.01580891829194947,0.02185792349726776,1
0.0004551069501332883,0.0007923930269413404,0.0006732646603379994,0.0004245383145828896,0.0002147950854884395,0.0036429872495446283,0
0.00429100838697094,0.0019809825673533926,0.003029690971520907,0.002653364466143074,0.003136008248131275,0.0,0
0.0005851375073142318,0.0,0.00013465293206761653,0.0,0.0,0.0036429872495446283,0
0.0,0.0,0.0,0.0,0.00012887705129306648,0.005464480874316939,0
0.1404330017554125,0.053090332805071305,0.04894634080657107,0.022075992358310342,0.08527364893891227,0.04371584699453551,0
0.0,0.0,6.732646603380132e-05,0.0,4.2959017097679575e-05,0.0,1
0.00104024445744752,0.0,0.0006059381943041842,0.0002122691572914448,0.0002577541025861191,0.00728597449908925,1
0.0055913139587803196,0.0,0.006261361341143204,0.0003184037359371672,0.0012458114958329575,0.0036429872495446283,0
0.12229373902867173,0.04318541996830427,0.15222513970241702,0.0191042241562301,0.05073459919237048,0.014571948998178506,0
0.004551069501332827,0.0,0.010906887497475273,0.005731267246869034,0.0017183606839075438,0.05100182149362477,0
0.01885443079123595,0.0,0.03319194775466236,0.011780938229675231,0.014090557608041926,0.00728597449908925,0
0.061699499382354854,0.0027733755942947608,0.09351646132094527,0.03757164084058586,0.018386459317810813,0.0018214936247723107,0
0.060204147974774073,0.1216323296354992,0.03527906820171009,0.0019104224156230101,0.08952659163158347,0.020036429872495445,0
0.008126909823808606,0.0,0.003972261495994084,0.0,0.0012458114958329575,0.0,1
0.00214550419348547,0.0007923930269413404,0.006597993671312197,0.0,0.0009880573932468384,0.00728597449908925,1
0.00013003055718094347,0.0,0.00545344374873763,0.0,0.0002147950854884395,0.0,1
0.0007151680644951613,0.0003961965134706841,0.0012118763886083683,0.0001061345786457224,0.00017183606839074606,0.0018214936247723107,1
0.1343865808464989,0.15649762282091917,0.3109136201440786,0.0452133305030779,0.11994157573674713,0.04918032786885245,1
0.00104024445744752,0.0,0.0019524675149801551,0.0,0.0002147950854884395,0.0,1
0.0,0.0,0.0,0.0,0.0,0.0,1
0.008061894545218135,0.011489698890649755,0.02740187167575575,0.0007429420505200637,0.03552710713978863,0.0,1
0.04115467134776673,0.017036450079239304,0.019861307479970378,0.007641689662492044,0.018687172437494626,0.02367941712204007,1
0.0007801833430856331,0.0003961965134706841,0.003029690971520907,0.0008490766291657861,0.00038663115387918556,0.00728597449908925,0
0.011312658474741569,0.0003961965134706841,0.009627684642833104,0.0027594990447887963,0.0039522295729873674,0.010928961748633878,0
0.0007151680644951613,0.0,6.732646603380132e-05,0.0001061345786457224,4.2959017097679575e-05,0.0036429872495446283,0
0.00039009167154281654,0.0,0.00013465293206761653,0.0,8.591803419537303e-05,0.010928961748633878,0
0.0,0.0,6.732646603380132e-05,0.0,0.0,0.0,1
0.001625381964761724,0.0003961965134706841,0.0008079175924055881,0.0008490766291657861,0.000343672136781506,0.0,1
0.005916390351732664,0.0,0.008146502390089544,0.0022288261515601773,0.0018042787181029168,0.0,0
0.09056628307652298,0.003169572107765445,0.1428667609237191,0.06888134154107409,0.041412492482172006,0.0036429872495446283,0
0.0055913139587803196,0.0,0.013599946138827174,0.005306728932286141,0.0015035655984191043,0.016393442622950817,0
0.014758468240036411,0.0007923930269413404,0.03622163872618327,0.016875398004669924,0.013961680556748846,0.009107468123861567,0
0.05285742149405111,0.0003961965134706841,0.0956709082340268,0.025684568032264914,0.02006186098462065,0.0018214936247723107,0
0.00786684870944672,0.0,0.006597993671312197,0.0005306728932286189,0.0017613197010052373,0.0,1
0.002470580586437829,0.0003961965134706841,0.007069278933548792,0.0,0.0018042787181029168,0.005464480874316939,1
0.0001950458357714152,0.0,0.006530667205278409,0.0056251326682233115,0.000343672136781506,0.0,1
0.0008451986216761048,0.0,0.0010772234565407796,0.0005306728932286189,0.00012887705129306648,0.0018214936247723107,1
0.0007801833430856331,0.0,0.002289099845149134,0.0014858841010401205,0.0002147950854884395,0.0,1
0.006631558416227826,0.0003961965134706841,0.03312462128862857,0.008703035448949271,0.030157230002577542,0.0,1
0.017879201612378916,0.041204437400950866,0.023092977849592675,0.0023349607302058997,0.012930664146404328,0.034608378870673945,1
0.001105259736037964,0.0,0.0027603851073857294,0.0019104224156230101,0.0006014262393676251,0.0018214936247723107,0
0.008647032052532352,0.0007923930269413404,0.005857402544940424,0.0032901719380174083,0.006057221410774111,0.0,0
0.0004551069501332883,0.0,0.00013465293206761653,0.0,0.0002577541025861191,0.0,0
6.501527859047174e-05,0.0,0.00020197939810140397,0.0003184037359371672,4.2959017097679575e-05,0.014571948998178506,0
0.0,0.0,6.732646603380132e-05,0.0,0.0,0.0,1
0.0004551069501332883,0.005546751188589535,0.0021544469130815452,0.0012736149437486757,0.00017183606839074606,0.0018214936247723107,1
0.008321955659580008,0.0,0.006799973069413587,0.001592018679685843,0.0028352951284474626,0.0036429872495446283,0
0.0880306872114947,0.03526148969889064,0.12576583855113446,0.05381023137338145,0.026634590600567054,0.00728597449908925,0
0.004551069501332827,0.0,0.010098969905069699,0.0061558055614519235,0.0008162213248560785,0.005464480874316939,0
0.10200897210844548,0.004754358161648167,0.07836800646334074,0.05688813415410741,0.1775496176647478,0.06375227686703096,0
0.015538651583122037,0.0007923930269413404,0.02921968625866829,0.01050732328592656,0.009708737864077666,0.010928961748633878,0
0.06963136337039204,0.0023771790808240767,0.09041944388339057,0.025896837189556356,0.01718360683907552,0.0,0
0.06046420908913595,0.10578446909667194,0.05682353733252542,0.056357461260878795,0.07105421427957728,0.005464480874316939,0
0.006111436187504066,0.0,0.00565542314683902,0.0002122691572914448,0.0016754016668098504,0.0,1
0.003770886158247194,0.0003961965134706841,0.006396014273210793,0.0023349607302058997,0.0018901967522983176,0.0,1
0.00052012222872376,0.0,0.005049484952534863,0.0056251326682233115,0.00038663115387918556,0.0,1
0.0019504583577140688,0.0,0.0005386117282703828,0.0006368074718743413,0.00017183606839074606,0.005464480874316939,1
0.001365320850399851,0.0003961965134706841,0.0014138557867097723,0.0005306728932286189,8.591803419537303e-05,0.0,1
0.0078018334308562615,0.01109350237717907,0.02369891604389686,0.002971768202080241,0.02152246756594209,0.0036429872495446283,1
0.02184513360639751,0.021394611727416787,0.02140981619874774,0.005412863510931863,0.017484319958759334,0.032786885245901634,1
0.001365320850399851,0.0,0.003837608563926495,0.002441095308851622,0.0006014262393676251,0.0,0
0.01072752096742735,0.0019809825673533926,0.005116811418568637,0.0023349607302058997,0.005412836154308778,0.0,0
0.0005851375073142318,0.0003961965134706841,0.0003366323301690066,0.0,8.591803419537303e-05,0.0,0
0.0008451986216761048,0.0,0.0004712852622365954,0.0003184037359371672,0.00012887705129306648,0.0,0
0.0,0.0,0.00040395879620279407,0.0,8.591803419537303e-05,0.0,1
0.0009102139002665766,0.0003961965134706841,0.0022217733791153466,0.001061345786457231,0.00017183606839074606,0.0018214936247723107,1
0.005526298680189848,0.0003961965134706841,0.0073385847976839835,0.0004245383145828896,0.0021479508548844367,0.0,0
0.09407710812040829,0.03328050713153723,0.11916784487982225,0.025896837189556356,0.026720508634762427,0.03096539162112932,0
0.0044860542227423555,0.0007923930269413404,0.009627684642833104,0.004351517724474636,0.0009880573932468384,0.005464480874316939,0
0.01306807099668423,0.0011885895404120383,0.02760385107385714,0.012099341965612399,0.0091932296589054,0.012750455373406189,0
0.05032182562902282,0.0023771790808240767,0.08314818555174039,0.026852048397367864,0.014691983847409579,0.0018214936247723107,0
0.04505558806319485,0.11014263074484945,0.044906752844543193,0.039588197834854594,0.04304493513188418,0.0,0
0.0061764514660945374,0.0,0.004376220292196864,0.001592018679685843,0.0012458114958329575,0.0,1
0.003315779208113906,0.0,0.004578199690298268,0.002122691572914455,0.0011169344445399049,0.0036429872495446283,1
0.0001950458357714152,0.0,0.004780179088399658,0.004669921460411806,0.0008162213248560785,0.005464480874316939,1
0.003250763929523434,0.0003961965134706841,0.0009425705244731769,0.0006368074718743413,0.00012887705129306648,0.0,1
0.0007801833430856331,0.0,0.002289099845149134,0.0008490766291657861,8.591803419537303e-05,0.0,1
0.00773681815226579,0.007527733755942942,0.014407863731232748,0.005518998089577589,0.018472377352006186,0.0,1
0.024510760028606728,0.02258320126782884,0.02316030431562649,0.003714710252600298,0.016839934702294,0.020036429872495445,1
0.001365320850399851,0.0,0.0030970174375547083,0.001592018679685843,0.00030071311968381254,0.0,0
0.0072817112021325014,0.0015847860538827224,0.005116811418568637,0.0027594990447887963,0.005241000085918032,0.0,0
0.0003250763929523587,0.0,6.732646603380132e-05,0.0,0.0002577541025861191,0.0,0
0.0005851375073142318,0.0,0.0002693058641352053,0.0,0.000343672136781506,0.00728597449908925,0
0.0,0.0,6.732646603380132e-05,0.0,8.591803419537303e-05,0.0,1
0.0007151680644951613,0.0,0.002895038039453318,0.0013797495223943981,0.0006443852564653324,0.0,1
0.0048111306156947,0.0,0.006530667205278409,0.0005306728932286189,0.0024057049574705697,0.0036429872495446283,0
0.09472726090631298,0.02931854199683042,0.1278529589981822,0.015283379324984081,0.025002147950854883,0.02914389799635701,0
0.0039659319940185955,0.0003961965134706841,0.009021746448528933,0.0032901719380174083,0.0009021393590514654,0.0018214936247723107,0
0.08185423574540017,0.003565768621236129,0.07123140106375817,0.0018042878369772877,0.138456912105851,0.05100182149362477,0
0.015733697418893446,0.0011885895404120383,0.026728607015417766,0.005518998089577589,0.008205172265658561,0.014571948998178506,0
0.06052922436772642,0.003169572107765445,0.0954016023698916,0.004351517724474636,0.016195549445828683,0.0,0
0.06716078278395422,0.098256735340729,0.05036019659328083,0.011037996179155171,0.04287309906349342,0.00728597449908925,0
0.011962811260646258,0.004754358161648167,0.29711169460715003,0.04468265760984929,0.12269095283099922,0.03825136612021857,1
0.004551069501332827,0.0,0.004443546758230679,0.0008490766291657861,0.0008162213248560785,0.0,1
0.003510825043885321,0.0003961965134706841,0.005924729010974225,0.0022288261515601773,0.0008591803419537719,0.0,1
0.0,0.0,0.004308893826163077,0.0002122691572914448,0.0008591803419537719,0.0,1
0.0004551069501332883,0.0,0.0008079175924055881,0.0,0.00012887705129306648,0.005464480874316939,1
0.07145179117092516,0.02694136291600633,0.06281559280953343,0.0023349607302058997,0.051507861500128864,0.012750455373406189,1
0.0017554125219426675,0.0,0.0014138557867097723,0.0007429420505200637,0.0002147950854884395,0.0,1
0.005851375073142193,0.013074484944532477,0.015148454857604535,0.0009552112078115085,0.014949737949995698,0.0,1
0.02412066835706391,0.023771790808240885,0.02928701272470209,0.0004245383145828896,0.016925852736489375,0.010928961748633878,1
0.0001950458357714152,0.0003961965134706841,0.0025584057092843393,0.0011674803651029533,0.00017183606839074606,0.0,0
0.008972108445484683,0.0003961965134706841,0.006732646603379799,0.0012736149437486757,0.005198041068820339,0.0,0
0.0,0.0,0.00020197939810140397,0.0,0.00017183606839074606,0.0,0
0.0,0.0,0.00040395879620279407,0.0001061345786457224,0.0002147950854884395,0.0,0
0.0,0.0,0.0,0.0,8.591803419537303e-05,0.0,1
0.0005851375073142318,0.0007923930269413404,0.0022217733791153466,0.0004245383145828896,0.0002147950854884395,0.0,1
0.005656329237370791,0.0,0.006934626001481203,0.0012736149437486757,0.0025775410258613157,0.0,0
0.11975814316364344,0.031299524564183834,0.12482326802666127,0.01952876247081299,0.02160838560013746,0.0273224043715847,0
0.0050711917300565595,0.0,0.00841580825422475,0.0027594990447887963,0.00038663115387918556,0.012750455373406189,0
0.06657564527664,0.003565768621236129,0.08133037096882785,0.0012736149437486757,0.12556920697654436,0.06193078324225865,0
0.02217020999934985,0.0015847860538827224,0.03453847707533832,0.008278497134366378,0.007861500128877041,0.018214936247723135,0
0.06898121058448735,0.003169572107765445,0.10752036625597522,0.002653364466143074,0.013961680556748846,0.0018214936247723107,0
0.0661855536050972,0.09984152139461172,0.09277587019457349,0.003926979409891743,0.04433370564481484,0.016393442622950817,0
0.011247643196151097,0.006735340729001574,0.30593146165757756,0.0489280407556782,0.08789414898187128,0.00728597449908925,1
0.005526298680189848,0.0,0.00377028209789268,0.0008490766291657861,0.0006014262393676251,0.0,1
0.003770886158247194,0.0003961965134706841,0.006396014273210793,0.0016981532583315653,0.0007732623077583989,0.0036429872495446283,1
6.501527859047174e-05,0.0,0.004510873224264453,0.0001061345786457224,0.0002577541025861191,0.0,1
0.0022755347506664136,0.0,0.0006732646603379994,0.0005306728932286189,0.00012887705129306648,0.0018214936247723107,1
0.08230934269553344,0.026545166402535653,0.06436410152831078,0.0020165569942687325,0.06314975513360255,0.010928961748633878,1
0.0004551069501332883,0.0003961965134706841,0.001548508718777361,0.0005306728932286189,4.2959017097679575e-05,0.0,1
0.009037123724075155,0.007131537242472258,0.011108866895576663,0.0006368074718743413,0.0130165821805997,0.0036429872495446283,1
0.03263766985241532,0.024960380348652923,0.03689490338652125,0.0008490766291657861,0.026720508634762427,0.0,1
0.00013003055718094347,0.0,0.0023564263111829353,0.0004245383145828896,0.00017183606839074606,0.0,0
0.009037123724075155,0.0023771790808240767,0.006732646603379799,0.0003184037359371672,0.003995188590085047,0.0,0
0.0,0.0,0.00040395879620279407,0.0002122691572914448,4.2959017097679575e-05,0.0,0
0.0,0.0,0.0003366323301690066,0.0001061345786457224,0.00017183606839074606,0.0,0
0.0,0.0,0.0,0.0001061345786457224,4.2959017097679575e-05,0.0,1
0.0009102139002665766,0.0,0.004039587962027885,0.0009552112078115085,0.000343672136781506,0.00728597449908925,1
0.004421038944151884,0.0003961965134706841,0.005386117282703842,0.0006368074718743413,0.0023197869232751966,0.0,0
0.13217606137442298,0.03011093502377178,0.08860162930047802,0.024623222245807687,0.03144600051550819,0.02185792349726776,0
0.0033807944867043777,0.0003961965134706841,0.008011849458021955,0.003926979409891743,0.00038663115387918556,0.0018214936247723107,0
0.059944086860412193,0.003565768621236129,0.07055813640342018,0.0016981532583315653,0.15546868287653579,0.04371584699453551,0
0.18223782588908394,0.098256735340729,0.17376960883323234,0.01836128210571004,0.2090815362144514,0.05100182149362477,0
0.021910148884987976,0.0015847860538827224,0.03352858008483135,0.007641689662492044,0.009794655898273039,0.018214936247723135,0
0.0580586437812886,0.003169572107765445,0.09695011108866895,0.001592018679685843,0.014906778932898018,0.0,0
0.06553540081919251,0.11846275752773375,0.11081936309163132,0.0007429420505200637,0.06125955838130423,0.00728597449908925,0
0.014758468240036411,0.003169572107765445,0.303440382414327,0.04616854171088941,0.12758828078013573,0.018214936247723135,1
0.005461283401599376,0.0,0.003972261495994084,0.0007429420505200637,0.0006443852564653324,0.0,1
0.004616084779923299,0.0011885895404120383,0.006463340739244608,0.0019104224156230101,0.0009880573932468384,0.005464480874316939,1
0.00013003055718094347,0.0,0.0023564263111829353,0.0,0.0002147950854884395,0.0,1
0.0008451986216761048,0.0,0.0005386117282703828,0.0001061345786457224,0.0,0.0,1
0.09973343735777908,0.027337559429477014,0.0635561839359052,0.003714710252600298,0.06851963227081365,0.016393442622950817,1
0.0,0.0,0.0014138557867097723,0.0002122691572914448,4.2959017097679575e-05,0.0,1
0.008972108445484683,0.015055467511885884,0.01030094930317109,0.0005306728932286189,0.01937451671105765,0.0,1
0.02438072947142579,0.02258320126782884,0.031980071366054005,0.001061345786457231,0.027665607010911586,0.005464480874316939,1
0.0,0.0,0.0016831616508449498,0.0003184037359371672,4.2959017097679575e-05,0.0,0
0.00838697093817048,0.0023771790808240767,0.004443546758230679,0.001592018679685843,0.0076037460262909085,0.0,0
6.501527859047174e-05,0.0011885895404120383,0.00020197939810140397,0.0,0.00012887705129306648,0.0,0
0.00013003055718094347,0.0007923930269413404,0.0003366323301690066,0.0003184037359371672,0.00017183606839074606,0.0018214936247723107,0
0.0,0.0,0.0003366323301690066,0.0008490766291657861,0.0,0.0,1
0.0,0.0,0.001548508718777361,0.0,0.000343672136781506,0.0,1
0.0029256875365711033,0.0,0.004914832020467247,0.0003184037359371672,0.002964172179740529,0.0,0
0.0871854885898186,0.028129952456418375,0.09836396687537871,0.029611547442156654,0.02753672995961852,0.005464480874316939,0
0.0020154736363045406,0.0,0.004510873224264453,0.003714710252600298,0.000343672136781506,0.0,0
0.1575320200247058,0.09944532488114104,0.15747660405305325,0.01942262789216727,0.17694819142538018,0.05100182149362477,0
0.018269293283921725,0.0003961965134706841,0.03622163872618327,0.009339842920823606,0.011126385428301397,0.0,0
0.06456017164033548,0.1089540412044374,0.09142934087389754,0.0006368074718743413,0.036815877652719306,0.0036429872495446283,0
0.009817307067160788,0.0023771790808240767,0.2618999528714738,0.04691148376140947,0.11629005928344359,0.009107468123861567,0
0.0031857486509329763,0.0003961965134706841,0.0041069144280616865,0.0008490766291657861,0.00030071311968381254,0.0,1
0.001885443079123597,0.0003961965134706841,0.005790076078906636,0.0016981532583315653,0.0007303032906607054,0.0,1
6.501527859047174e-05,0.0,0.0017504881168787512,0.0003184037359371672,0.00030071311968381254,0.0,1
0.00039009167154281654,0.0003961965134706841,0.0004712852622365954,0.0002122691572914448,8.591803419537303e-05,0.0,1
0.08068396073077173,0.024960380348652923,0.04921564667070626,0.002971768202080241,0.054600910731162466,0.020036429872495445,1
0.0007151680644951613,0.0,0.0012118763886083683,0.0,4.2959017097679575e-05,0.0,1
0.08543007606787595,0.06259904912836767,0.3303709688278462,0.059966036934833364,0.32017355442907464,0.02367941712204007,1
0.007151680644951558,0.009112519809825664,0.007742543593886764,0.0003184037359371672,0.015293410086777204,0.0,1
0.022690332228073602,0.025752773375594284,0.031912744900020204,0.004563786881766084,0.028696623421256118,0.014571948998178506,1
6.501527859047174e-05,0.0,0.0010098969905069782,0.0003184037359371672,8.591803419537303e-05,0.0,1
0.005851375073142193,0.0003961965134706841,0.002827711573419517,0.0004245383145828896,0.0041240656413781135,0.0,0
0.0,0.0003961965134706841,0.00040395879620279407,0.0003184037359371672,0.00017183606839074606,0.0,0
0.19101488849879722,0.04358161648177495,0.12388069750218811,0.04415198471662068,0.10984620671879027,0.005464480874316939,0
0.05038684090761329,0.003565768621236129,0.11741735676294351,0.003714710252600298,0.014992696967093391,0.0,0
0.0,0.0,0.0002693058641352053,0.0,0.00012887705129306648,0.0,0
0.0,0.0,0.00020197939810140397,0.0001061345786457224,0.0,0.0,1
0.0,0.0007923930269413404,0.0016831616508449498,0.0,0.00038663115387918556,0.0,1
0.003250763929523434,0.0,0.004982158486501048,0.001061345786457231,0.004811409914941139,0.0,0
0.07528769260776283,0.025752773375594284,0.08402342961017976,0.02526002971768202,0.04136953346507431,0.005464480874316939,0
0.0025355958650282867,0.0,0.004982158486501048,0.002122691572914455,4.2959017097679575e-05,0.0018214936247723107,0
0.1923151940706066,0.1089540412044374,0.1940348751094055,0.030779027807259607,0.24722914339719906,0.05100182149362477,0
0.022365255835121257,0.0007923930269413404,0.03278798895845958,0.009976650392697944,0.009493942778589226,0.010928961748633878,0
0.07535270788635329,0.11133122028526149,0.08988083215512019,0.0006368074718743413,0.039994844917948275,0.005464480874316939,0
0.011637734867693914,0.003565768621236129,0.2732781256311856,0.053491827637444284,0.21466620843715095,0.009107468123861567,0
0.0028606722579806315,0.0007923930269413404,0.0061940348751094165,0.0016981532583315653,0.0007732623077583989,0.0,1
0.002730641700799702,0.0,0.0061940348751094165,0.0025472298874973515,0.0009021393590514654,0.005464480874316939,1
0.0,0.0,0.002087120447047744,0.0,0.0004725491880745586,0.0,1
0.0003250763929523587,0.0,0.0007405911263717729,0.0001061345786457224,8.591803419537303e-05,0.0,1
0.10506469020219751,0.027337559429477014,0.04564734397091497,0.004139248567183191,0.07363175530543861,0.02185792349726776,1
6.501527859047174e-05,0.0,0.001144549922574567,0.0,0.00012887705129306648,0.0,1
0.007476757037903917,0.00871632329635498,0.006328687807177019,0.0001061345786457224,0.01525045106967951,0.0,1
0.026136141993368445,0.02852614896988906,0.04409883525213762,0.0013797495223943981,0.022295729873700487,0.03096539162112932,1
0.0,0.0003961965134706841,0.0021544469130815452,0.0004245383145828896,0.00017183606839074606,0.0,1
0.0078018334308562615,0.0015847860538827224,0.002491079243250524,0.0006368074718743413,0.00408110662428042,0.0,0
0.0014953514075807806,0.0,0.0004712852622365954,0.0,0.0002577541025861191,0.0,0
0.05877381184578376,0.00633914421553089,0.12462128862855988,0.001061345786457231,0.02152246756594209,0.0018214936247723107,0
6.501527859047174e-05,0.0,0.0003366323301690066,0.0001061345786457224,0.00038663115387918556,0.0,0
0.0,0.0,6.732646603380132e-05,0.0001061345786457224,0.00012887705129306648,0.0,1
0.0,0.0007923930269413404,0.002087120447047744,0.0003184037359371672,0.000515508205172252,0.0,1
